login,id,node_id,avatar_url,gravatar_id,url,html_url,followers_url,following_url,gists_url,starred_url,subscriptions_url,organizations_url,repos_url,events_url,received_events_url,type,user_view_type,site_admin,score
emmabostian,7671983,MDQ6VXNlcjc2NzE5ODM=,https://avatars.githubusercontent.com/u/7671983?v=4,,https://api.github.com/users/emmabostian,https://github.com/emmabostian,https://api.github.com/users/emmabostian/followers,https://api.github.com/users/emmabostian/following{/other_user},https://api.github.com/users/emmabostian/gists{/gist_id},https://api.github.com/users/emmabostian/starred{/owner}{/repo},https://api.github.com/users/emmabostian/subscriptions,https://api.github.com/users/emmabostian/orgs,https://api.github.com/users/emmabostian/repos,https://api.github.com/users/emmabostian/events{/privacy},https://api.github.com/users/emmabostian/received_events,User,public,False,1.0
emilk,1148717,MDQ6VXNlcjExNDg3MTc=,https://avatars.githubusercontent.com/u/1148717?v=4,,https://api.github.com/users/emilk,https://github.com/emilk,https://api.github.com/users/emilk/followers,https://api.github.com/users/emilk/following{/other_user},https://api.github.com/users/emilk/gists{/gist_id},https://api.github.com/users/emilk/starred{/owner}{/repo},https://api.github.com/users/emilk/subscriptions,https://api.github.com/users/emilk/orgs,https://api.github.com/users/emilk/repos,https://api.github.com/users/emilk/events{/privacy},https://api.github.com/users/emilk/received_events,User,public,False,1.0
mpj,17815,MDQ6VXNlcjE3ODE1,https://avatars.githubusercontent.com/u/17815?v=4,,https://api.github.com/users/mpj,https://github.com/mpj,https://api.github.com/users/mpj/followers,https://api.github.com/users/mpj/following{/other_user},https://api.github.com/users/mpj/gists{/gist_id},https://api.github.com/users/mpj/starred{/owner}{/repo},https://api.github.com/users/mpj/subscriptions,https://api.github.com/users/mpj/orgs,https://api.github.com/users/mpj/repos,https://api.github.com/users/mpj/events{/privacy},https://api.github.com/users/mpj/received_events,User,public,False,1.0
hrydgard,130929,MDQ6VXNlcjEzMDkyOQ==,https://avatars.githubusercontent.com/u/130929?v=4,,https://api.github.com/users/hrydgard,https://github.com/hrydgard,https://api.github.com/users/hrydgard/followers,https://api.github.com/users/hrydgard/following{/other_user},https://api.github.com/users/hrydgard/gists{/gist_id},https://api.github.com/users/hrydgard/starred{/owner}{/repo},https://api.github.com/users/hrydgard/subscriptions,https://api.github.com/users/hrydgard/orgs,https://api.github.com/users/hrydgard/repos,https://api.github.com/users/hrydgard/events{/privacy},https://api.github.com/users/hrydgard/received_events,User,public,False,1.0
eriklindernoren,7977505,MDQ6VXNlcjc5Nzc1MDU=,https://avatars.githubusercontent.com/u/7977505?v=4,,https://api.github.com/users/eriklindernoren,https://github.com/eriklindernoren,https://api.github.com/users/eriklindernoren/followers,https://api.github.com/users/eriklindernoren/following{/other_user},https://api.github.com/users/eriklindernoren/gists{/gist_id},https://api.github.com/users/eriklindernoren/starred{/owner}{/repo},https://api.github.com/users/eriklindernoren/subscriptions,https://api.github.com/users/eriklindernoren/orgs,https://api.github.com/users/eriklindernoren/repos,https://api.github.com/users/eriklindernoren/events{/privacy},https://api.github.com/users/eriklindernoren/received_events,User,public,False,1.0
spotify,251374,MDEyOk9yZ2FuaXphdGlvbjI1MTM3NA==,https://avatars.githubusercontent.com/u/251374?v=4,,https://api.github.com/users/spotify,https://github.com/spotify,https://api.github.com/users/spotify/followers,https://api.github.com/users/spotify/following{/other_user},https://api.github.com/users/spotify/gists{/gist_id},https://api.github.com/users/spotify/starred{/owner}{/repo},https://api.github.com/users/spotify/subscriptions,https://api.github.com/users/spotify/orgs,https://api.github.com/users/spotify/repos,https://api.github.com/users/spotify/events{/privacy},https://api.github.com/users/spotify/received_events,Organization,public,False,1.0
arvidn,661450,MDQ6VXNlcjY2MTQ1MA==,https://avatars.githubusercontent.com/u/661450?v=4,,https://api.github.com/users/arvidn,https://github.com/arvidn,https://api.github.com/users/arvidn/followers,https://api.github.com/users/arvidn/following{/other_user},https://api.github.com/users/arvidn/gists{/gist_id},https://api.github.com/users/arvidn/starred{/owner}{/repo},https://api.github.com/users/arvidn/subscriptions,https://api.github.com/users/arvidn/orgs,https://api.github.com/users/arvidn/repos,https://api.github.com/users/arvidn/events{/privacy},https://api.github.com/users/arvidn/received_events,User,public,False,1.0
aladdinpersson,23462240,MDQ6VXNlcjIzNDYyMjQw,https://avatars.githubusercontent.com/u/23462240?v=4,,https://api.github.com/users/aladdinpersson,https://github.com/aladdinpersson,https://api.github.com/users/aladdinpersson/followers,https://api.github.com/users/aladdinpersson/following{/other_user},https://api.github.com/users/aladdinpersson/gists{/gist_id},https://api.github.com/users/aladdinpersson/starred{/owner}{/repo},https://api.github.com/users/aladdinpersson/subscriptions,https://api.github.com/users/aladdinpersson/orgs,https://api.github.com/users/aladdinpersson/repos,https://api.github.com/users/aladdinpersson/events{/privacy},https://api.github.com/users/aladdinpersson/received_events,User,public,False,1.0
khaosdoctor,3200560,MDQ6VXNlcjMyMDA1NjA=,https://avatars.githubusercontent.com/u/3200560?v=4,,https://api.github.com/users/khaosdoctor,https://github.com/khaosdoctor,https://api.github.com/users/khaosdoctor/followers,https://api.github.com/users/khaosdoctor/following{/other_user},https://api.github.com/users/khaosdoctor/gists{/gist_id},https://api.github.com/users/khaosdoctor/starred{/owner}{/repo},https://api.github.com/users/khaosdoctor/subscriptions,https://api.github.com/users/khaosdoctor/orgs,https://api.github.com/users/khaosdoctor/repos,https://api.github.com/users/khaosdoctor/events{/privacy},https://api.github.com/users/khaosdoctor/received_events,User,public,False,1.0
Mojang,1162641,MDEyOk9yZ2FuaXphdGlvbjExNjI2NDE=,https://avatars.githubusercontent.com/u/1162641?v=4,,https://api.github.com/users/Mojang,https://github.com/Mojang,https://api.github.com/users/Mojang/followers,https://api.github.com/users/Mojang/following{/other_user},https://api.github.com/users/Mojang/gists{/gist_id},https://api.github.com/users/Mojang/starred{/owner}{/repo},https://api.github.com/users/Mojang/subscriptions,https://api.github.com/users/Mojang/orgs,https://api.github.com/users/Mojang/repos,https://api.github.com/users/Mojang/events{/privacy},https://api.github.com/users/Mojang/received_events,Organization,public,False,1.0
joearms,99915,MDQ6VXNlcjk5OTE1,https://avatars.githubusercontent.com/u/99915?v=4,,https://api.github.com/users/joearms,https://github.com/joearms,https://api.github.com/users/joearms/followers,https://api.github.com/users/joearms/following{/other_user},https://api.github.com/users/joearms/gists{/gist_id},https://api.github.com/users/joearms/starred{/owner}{/repo},https://api.github.com/users/joearms/subscriptions,https://api.github.com/users/joearms/orgs,https://api.github.com/users/joearms/repos,https://api.github.com/users/joearms/events{/privacy},https://api.github.com/users/joearms/received_events,User,public,False,1.0
emilbjornson,6824231,MDQ6VXNlcjY4MjQyMzE=,https://avatars.githubusercontent.com/u/6824231?v=4,,https://api.github.com/users/emilbjornson,https://github.com/emilbjornson,https://api.github.com/users/emilbjornson/followers,https://api.github.com/users/emilbjornson/following{/other_user},https://api.github.com/users/emilbjornson/gists{/gist_id},https://api.github.com/users/emilbjornson/starred{/owner}{/repo},https://api.github.com/users/emilbjornson/subscriptions,https://api.github.com/users/emilbjornson/orgs,https://api.github.com/users/emilbjornson/repos,https://api.github.com/users/emilbjornson/events{/privacy},https://api.github.com/users/emilbjornson/received_events,User,public,False,1.0
Dinnerbone,317625,MDQ6VXNlcjMxNzYyNQ==,https://avatars.githubusercontent.com/u/317625?v=4,,https://api.github.com/users/Dinnerbone,https://github.com/Dinnerbone,https://api.github.com/users/Dinnerbone/followers,https://api.github.com/users/Dinnerbone/following{/other_user},https://api.github.com/users/Dinnerbone/gists{/gist_id},https://api.github.com/users/Dinnerbone/starred{/owner}{/repo},https://api.github.com/users/Dinnerbone/subscriptions,https://api.github.com/users/Dinnerbone/orgs,https://api.github.com/users/Dinnerbone/repos,https://api.github.com/users/Dinnerbone/events{/privacy},https://api.github.com/users/Dinnerbone/received_events,User,public,False,1.0
fornwall,277251,MDQ6VXNlcjI3NzI1MQ==,https://avatars.githubusercontent.com/u/277251?v=4,,https://api.github.com/users/fornwall,https://github.com/fornwall,https://api.github.com/users/fornwall/followers,https://api.github.com/users/fornwall/following{/other_user},https://api.github.com/users/fornwall/gists{/gist_id},https://api.github.com/users/fornwall/starred{/owner}{/repo},https://api.github.com/users/fornwall/subscriptions,https://api.github.com/users/fornwall/orgs,https://api.github.com/users/fornwall/repos,https://api.github.com/users/fornwall/events{/privacy},https://api.github.com/users/fornwall/received_events,User,public,False,1.0
victorbjorklund,4668654,MDQ6VXNlcjQ2Njg2NTQ=,https://avatars.githubusercontent.com/u/4668654?v=4,,https://api.github.com/users/victorbjorklund,https://github.com/victorbjorklund,https://api.github.com/users/victorbjorklund/followers,https://api.github.com/users/victorbjorklund/following{/other_user},https://api.github.com/users/victorbjorklund/gists{/gist_id},https://api.github.com/users/victorbjorklund/starred{/owner}{/repo},https://api.github.com/users/victorbjorklund/subscriptions,https://api.github.com/users/victorbjorklund/orgs,https://api.github.com/users/victorbjorklund/repos,https://api.github.com/users/victorbjorklund/events{/privacy},https://api.github.com/users/victorbjorklund/received_events,User,public,False,1.0
wader,185566,MDQ6VXNlcjE4NTU2Ng==,https://avatars.githubusercontent.com/u/185566?v=4,,https://api.github.com/users/wader,https://github.com/wader,https://api.github.com/users/wader/followers,https://api.github.com/users/wader/following{/other_user},https://api.github.com/users/wader/gists{/gist_id},https://api.github.com/users/wader/starred{/owner}{/repo},https://api.github.com/users/wader/subscriptions,https://api.github.com/users/wader/orgs,https://api.github.com/users/wader/repos,https://api.github.com/users/wader/events{/privacy},https://api.github.com/users/wader/received_events,User,public,False,1.0
bella-silveira,4542747,MDQ6VXNlcjQ1NDI3NDc=,https://avatars.githubusercontent.com/u/4542747?v=4,,https://api.github.com/users/bella-silveira,https://github.com/bella-silveira,https://api.github.com/users/bella-silveira/followers,https://api.github.com/users/bella-silveira/following{/other_user},https://api.github.com/users/bella-silveira/gists{/gist_id},https://api.github.com/users/bella-silveira/starred{/owner}{/repo},https://api.github.com/users/bella-silveira/subscriptions,https://api.github.com/users/bella-silveira/orgs,https://api.github.com/users/bella-silveira/repos,https://api.github.com/users/bella-silveira/events{/privacy},https://api.github.com/users/bella-silveira/received_events,User,public,False,1.0
davidsandberg,15169058,MDQ6VXNlcjE1MTY5MDU4,https://avatars.githubusercontent.com/u/15169058?v=4,,https://api.github.com/users/davidsandberg,https://github.com/davidsandberg,https://api.github.com/users/davidsandberg/followers,https://api.github.com/users/davidsandberg/following{/other_user},https://api.github.com/users/davidsandberg/gists{/gist_id},https://api.github.com/users/davidsandberg/starred{/owner}{/repo},https://api.github.com/users/davidsandberg/subscriptions,https://api.github.com/users/davidsandberg/orgs,https://api.github.com/users/davidsandberg/repos,https://api.github.com/users/davidsandberg/events{/privacy},https://api.github.com/users/davidsandberg/received_events,User,public,False,1.0
Nyholm,1275206,MDQ6VXNlcjEyNzUyMDY=,https://avatars.githubusercontent.com/u/1275206?v=4,,https://api.github.com/users/Nyholm,https://github.com/Nyholm,https://api.github.com/users/Nyholm/followers,https://api.github.com/users/Nyholm/following{/other_user},https://api.github.com/users/Nyholm/gists{/gist_id},https://api.github.com/users/Nyholm/starred{/owner}{/repo},https://api.github.com/users/Nyholm/subscriptions,https://api.github.com/users/Nyholm/orgs,https://api.github.com/users/Nyholm/repos,https://api.github.com/users/Nyholm/events{/privacy},https://api.github.com/users/Nyholm/received_events,User,public,False,1.0
xNotch,1845755,MDQ6VXNlcjE4NDU3NTU=,https://avatars.githubusercontent.com/u/1845755?v=4,,https://api.github.com/users/xNotch,https://github.com/xNotch,https://api.github.com/users/xNotch/followers,https://api.github.com/users/xNotch/following{/other_user},https://api.github.com/users/xNotch/gists{/gist_id},https://api.github.com/users/xNotch/starred{/owner}{/repo},https://api.github.com/users/xNotch/subscriptions,https://api.github.com/users/xNotch/orgs,https://api.github.com/users/xNotch/repos,https://api.github.com/users/xNotch/events{/privacy},https://api.github.com/users/xNotch/received_events,User,public,False,1.0
dejwid,4366518,MDQ6VXNlcjQzNjY1MTg=,https://avatars.githubusercontent.com/u/4366518?v=4,,https://api.github.com/users/dejwid,https://github.com/dejwid,https://api.github.com/users/dejwid/followers,https://api.github.com/users/dejwid/following{/other_user},https://api.github.com/users/dejwid/gists{/gist_id},https://api.github.com/users/dejwid/starred{/owner}{/repo},https://api.github.com/users/dejwid/subscriptions,https://api.github.com/users/dejwid/orgs,https://api.github.com/users/dejwid/repos,https://api.github.com/users/dejwid/events{/privacy},https://api.github.com/users/dejwid/received_events,User,public,False,1.0
ivanpaulovich,7133698,MDQ6VXNlcjcxMzM2OTg=,https://avatars.githubusercontent.com/u/7133698?v=4,,https://api.github.com/users/ivanpaulovich,https://github.com/ivanpaulovich,https://api.github.com/users/ivanpaulovich/followers,https://api.github.com/users/ivanpaulovich/following{/other_user},https://api.github.com/users/ivanpaulovich/gists{/gist_id},https://api.github.com/users/ivanpaulovich/starred{/owner}{/repo},https://api.github.com/users/ivanpaulovich/subscriptions,https://api.github.com/users/ivanpaulovich/orgs,https://api.github.com/users/ivanpaulovich/repos,https://api.github.com/users/ivanpaulovich/events{/privacy},https://api.github.com/users/ivanpaulovich/received_events,User,public,False,1.0
marcusolsson,8396880,MDQ6VXNlcjgzOTY4ODA=,https://avatars.githubusercontent.com/u/8396880?v=4,,https://api.github.com/users/marcusolsson,https://github.com/marcusolsson,https://api.github.com/users/marcusolsson/followers,https://api.github.com/users/marcusolsson/following{/other_user},https://api.github.com/users/marcusolsson/gists{/gist_id},https://api.github.com/users/marcusolsson/starred{/owner}{/repo},https://api.github.com/users/marcusolsson/subscriptions,https://api.github.com/users/marcusolsson/orgs,https://api.github.com/users/marcusolsson/repos,https://api.github.com/users/marcusolsson/events{/privacy},https://api.github.com/users/marcusolsson/received_events,User,public,False,1.0
EmbarkStudios,44887257,MDEyOk9yZ2FuaXphdGlvbjQ0ODg3MjU3,https://avatars.githubusercontent.com/u/44887257?v=4,,https://api.github.com/users/EmbarkStudios,https://github.com/EmbarkStudios,https://api.github.com/users/EmbarkStudios/followers,https://api.github.com/users/EmbarkStudios/following{/other_user},https://api.github.com/users/EmbarkStudios/gists{/gist_id},https://api.github.com/users/EmbarkStudios/starred{/owner}{/repo},https://api.github.com/users/EmbarkStudios/subscriptions,https://api.github.com/users/EmbarkStudios/orgs,https://api.github.com/users/EmbarkStudios/repos,https://api.github.com/users/EmbarkStudios/events{/privacy},https://api.github.com/users/EmbarkStudios/received_events,Organization,public,False,1.0
torkelo,10999,MDQ6VXNlcjEwOTk5,https://avatars.githubusercontent.com/u/10999?v=4,,https://api.github.com/users/torkelo,https://github.com/torkelo,https://api.github.com/users/torkelo/followers,https://api.github.com/users/torkelo/following{/other_user},https://api.github.com/users/torkelo/gists{/gist_id},https://api.github.com/users/torkelo/starred{/owner}{/repo},https://api.github.com/users/torkelo/subscriptions,https://api.github.com/users/torkelo/orgs,https://api.github.com/users/torkelo/repos,https://api.github.com/users/torkelo/events{/privacy},https://api.github.com/users/torkelo/received_events,User,public,False,1.0
AhsanAyaz,9844254,MDQ6VXNlcjk4NDQyNTQ=,https://avatars.githubusercontent.com/u/9844254?v=4,,https://api.github.com/users/AhsanAyaz,https://github.com/AhsanAyaz,https://api.github.com/users/AhsanAyaz/followers,https://api.github.com/users/AhsanAyaz/following{/other_user},https://api.github.com/users/AhsanAyaz/gists{/gist_id},https://api.github.com/users/AhsanAyaz/starred{/owner}{/repo},https://api.github.com/users/AhsanAyaz/subscriptions,https://api.github.com/users/AhsanAyaz/orgs,https://api.github.com/users/AhsanAyaz/repos,https://api.github.com/users/AhsanAyaz/events{/privacy},https://api.github.com/users/AhsanAyaz/received_events,User,public,False,1.0
satansdeer,450319,MDQ6VXNlcjQ1MDMxOQ==,https://avatars.githubusercontent.com/u/450319?v=4,,https://api.github.com/users/satansdeer,https://github.com/satansdeer,https://api.github.com/users/satansdeer/followers,https://api.github.com/users/satansdeer/following{/other_user},https://api.github.com/users/satansdeer/gists{/gist_id},https://api.github.com/users/satansdeer/starred{/owner}{/repo},https://api.github.com/users/satansdeer/subscriptions,https://api.github.com/users/satansdeer/orgs,https://api.github.com/users/satansdeer/repos,https://api.github.com/users/satansdeer/events{/privacy},https://api.github.com/users/satansdeer/received_events,User,public,False,1.0
Grimler91,18900601,MDQ6VXNlcjE4OTAwNjAx,https://avatars.githubusercontent.com/u/18900601?v=4,,https://api.github.com/users/Grimler91,https://github.com/Grimler91,https://api.github.com/users/Grimler91/followers,https://api.github.com/users/Grimler91/following{/other_user},https://api.github.com/users/Grimler91/gists{/gist_id},https://api.github.com/users/Grimler91/starred{/owner}{/repo},https://api.github.com/users/Grimler91/subscriptions,https://api.github.com/users/Grimler91/orgs,https://api.github.com/users/Grimler91/repos,https://api.github.com/users/Grimler91/events{/privacy},https://api.github.com/users/Grimler91/received_events,User,public,False,1.0
marmelroy,889949,MDQ6VXNlcjg4OTk0OQ==,https://avatars.githubusercontent.com/u/889949?v=4,,https://api.github.com/users/marmelroy,https://github.com/marmelroy,https://api.github.com/users/marmelroy/followers,https://api.github.com/users/marmelroy/following{/other_user},https://api.github.com/users/marmelroy/gists{/gist_id},https://api.github.com/users/marmelroy/starred{/owner}{/repo},https://api.github.com/users/marmelroy/subscriptions,https://api.github.com/users/marmelroy/orgs,https://api.github.com/users/marmelroy/repos,https://api.github.com/users/marmelroy/events{/privacy},https://api.github.com/users/marmelroy/received_events,User,public,False,1.0
LinusU,189580,MDQ6VXNlcjE4OTU4MA==,https://avatars.githubusercontent.com/u/189580?v=4,,https://api.github.com/users/LinusU,https://github.com/LinusU,https://api.github.com/users/LinusU/followers,https://api.github.com/users/LinusU/following{/other_user},https://api.github.com/users/LinusU/gists{/gist_id},https://api.github.com/users/LinusU/starred{/owner}{/repo},https://api.github.com/users/LinusU/subscriptions,https://api.github.com/users/LinusU/orgs,https://api.github.com/users/LinusU/repos,https://api.github.com/users/LinusU/events{/privacy},https://api.github.com/users/LinusU/received_events,User,public,False,1.0
